{
  "miewid": {
    "gt_positive_probs": [
      0.775787353515625,
      0.7849889993667603,
      0.8314801454544067,
      0.9117584228515625,
      0.9445785284042358,
      0.9969950914382935,
      0.7774785757064819,
      0.8757755756378174,
      0.9082417488098145,
      0.9613015055656433,
      0.7604624032974243,
      0.9327278733253479,
      0.9611547589302063,
      0.8232287168502808,
      0.8655158281326294,
      0.8867619633674622,
      0.9733767509460449,
      0.8043924570083618,
      0.8725759983062744,
      0.9119842052459717,
      0.9545959234237671,
      0.801149845123291,
      0.8862417936325073,
      0.9356069564819336,
      0.9780913591384888,
      0.8009005188941956,
      0.8836894035339355,
      0.9222409725189209,
      0.9505856037139893,
      0.8180513381958008,
      0.8758670091629028,
      0.930666446685791,
      0.9594289064407349,
      0.8044489026069641,
      0.8704248666763306,
      0.9265766143798828,
      0.9468854069709778,
      0.8224558234214783,
      0.8417759537696838,
      0.9168809652328491,
      0.9422005414962769,
      0.7799637317657471,
      0.8770763278007507,
      0.9074925184249878,
      0.9622962474822998,
      0.7978072166442871,
      0.8498044610023499,
      0.9185119867324829,
      0.9428126811981201,
      0.7768872380256653,
      0.8459163904190063,
      0.941043496131897,
      0.9766079783439636,
      0.8266518115997314,
      0.8424971103668213,
      0.9054806232452393,
      0.9689263105392456,
      0.7972695827484131,
      0.8682606816291809,
      0.9160465002059937,
      0.9794000387191772,
      0.8190973401069641,
      0.8858807682991028,
      0.9370620250701904,
      0.9654760360717773
    ],
    "gt_negative_probs": [
      0.5290367603302002,
      0.581595242023468,
      0.6524776220321655,
      0.7103186845779419,
      0.5180603265762329,
      0.5606110692024231,
      0.6154476404190063,
      0.6673831939697266,
      0.7242645025253296,
      0.5345786809921265,
      0.5910380482673645,
      0.6149294376373291,
      0.6706171631813049,
      0.8101574182510376,
      0.8384672403335571,
      0.5296770334243774,
      0.5942249298095703,
      0.6172714233398438,
      0.671078085899353,
      0.734978437423706,
      0.5485727190971375,
      0.5767694115638733,
      0.6110638380050659,
      0.7043634653091431,
      0.7652986645698547,
      0.514335572719574,
      0.5648155212402344,
      0.6111376881599426,
      0.6721806526184082,
      0.7572433948516846,
      0.5084989666938782,
      0.5920049548149109,
      0.6314379572868347,
      0.6932491660118103,
      0.748053789138794,
      0.5352312326431274,
      0.600501298904419,
      0.6293597221374512,
      0.6767988801002502,
      0.7344865798950195,
      0.5377199649810791,
      0.5761338472366333,
      0.6594728827476501,
      0.6825409531593323,
      0.7310950756072998,
      0.5327861905097961,
      0.5714930891990662,
      0.619025707244873,
      0.6891083121299744,
      0.7412724494934082,
      0.5440634489059448,
      0.6075611114501953,
      0.6524271965026855,
      0.6683136224746704,
      0.7536925673484802,
      0.5404413938522339,
      0.567266583442688,
      0.6115052700042725,
      0.6816473603248596,
      0.7322862148284912,
      0.5450090169906616,
      0.5692610740661621,
      0.6531827449798584,
      0.6882703304290771,
      0.7444195747375488,
      0.5543570518493652,
      0.5747103691101074,
      0.6137444972991943,
      0.6821073293685913,
      0.727860689163208,
      0.5411026477813721,
      0.5581532716751099,
      0.6446747779846191,
      0.6686049699783325,
      0.7394847273826599,
      0.5114010572433472,
      0.5824154615402222,
      0.641527533531189,
      0.6880476474761963,
      0.7626281976699829,
      0.5349352955818176,
      0.5678771138191223,
      0.6109665632247925,
      0.6758754253387451,
      0.7388116717338562
    ]
  }
}